"Site","Year","PLANT","mean_floral_abundance"
"Aikawa",2022,"ACMI",8
"Aikawa",2022,"ASFA",5.22222222222222
"Aikawa",2022,"CAMI",2.5
"Aikawa",2022,"CAPA",38.5714285714286
"Aikawa",2022,"CESO",52
"Aikawa",2022,"ENRU",228.75
"Aikawa",2022,"ERGU",12
"Aikawa",2022,"ERLA",34.5
"Aikawa",2022,"ERNU",42.2222222222222
"Aikawa",2022,"GRCA",22.4
"Aikawa",2022,"HECO",250
"Aikawa",2022,"HEEX",196
"Aikawa",2022,"HOCA",63.1428571428571
"Aikawa",2022,"HOMA",117.777777777778
"Aikawa",2022,"HOVI",195
"Aikawa",2022,"LASE",6
"Aikawa",2022,"LERA",50.5
"Aikawa",2022,"LESR",100
"Aikawa",2022,"LULU",50
"Aikawa",2022,"PEKE",5.33333333333333
"Aikawa",2022,"SAVE",320
"Aikawa",2022,"STAL",2.6
"Aikawa",2022,"TRLA",6
"Aikawa",2022,"ZETR",5.4
"Banana",2022,"ACAM",2
"Banana",2022,"CAPA",1668.88888888889
"Banana",2022,"CUCA",20
"Banana",2022,"GRCA",13.2857142857143
"Banana",2022,"HEAR",2
"Banana",2022,"HECO",417.777777777778
"Banana",2022,"HEEX",281.111111111111
"Banana",2022,"LERA",100.666666666667
"Banana",2022,"LESR",10
"Banana",2022,"PEKE",21.2
"Banana",2022,"SAVE",45.75
"Banana",2022,"TRLA",23.1111111111111
"Banana",2022,"ZETR",42
"Banana_Lower",2022,"CAPA",300
"Banana_Lower",2022,"Erthyanthe_nudum",1
"Banana_Lower",2022,"HECO",200
"Banana_Lower",2022,"HECU",100
"Banana_Lower",2022,"HEEX",1000
"Banana_Lower",2022,"LESR",4
"Banana_Lower",2022,"TRLA",20
"Banana_Lower",2022,"ZETR",20
"Banana_Pond",2022,"ACAM",50
"Banana_Pond",2022,"ASFA",5.42857142857143
"Banana_Pond",2022,"CAPA",330.5
"Banana_Pond",2022,"CESO",121.75
"Banana_Pond",2022,"ENRU",93.75
"Banana_Pond",2022,"ERNU",28.3333333333333
"Banana_Pond",2022,"ESCA",4.25
"Banana_Pond",2022,"GRCA",16.125
"Banana_Pond",2022,"HECO",263.75
"Banana_Pond",2022,"HEEX",290.5
"Banana_Pond",2022,"LERA",20
"Banana_Pond",2022,"LULU",285
"Banana_Pond",2022,"PEKE",22
"Banana_Pond",2022,"Sidalcea",3
"Bertha",2022,"ACAM",1
"Bertha",2022,"ASER",19.25
"Bertha",2022,"ASFA",13.0833333333333
"Bertha",2022,"CAPA",285
"Bertha",2022,"CESO",52.5
"Bertha",2022,"COAR",3
"Bertha",2022,"ERGU",1
"Bertha",2022,"GRCA",11.5714285714286
"Bertha",2022,"HECO",151
"Bertha",2022,"HEEX",155.333333333333
"Bertha",2022,"HOVI",50
"Bertha",2022,"LULU",525.125
"Bertha",2022,"MEIB",1
"Bertha",2022,"MEIN",20
"Bertha",2022,"PEKE",21.2857142857143
"Bertha",2022,"SAVE",20
"Bertha",2022,"TRLA",6
"Bertha",2022,"VIVI",1.33333333333333
"Bertha",2022,"ZETR",1.5
"Bertha",2023,"ACBR",3
"Bertha",2023,"AGHE",1
"Bertha",2023,"ANAR",1
"Bertha",2023,"ASFA",9.8
"Bertha",2023,"BREL",3.5
"Bertha",2023,"CAPA",4.66666666666667
"Bertha",2023,"CARU",3
"Bertha",2023,"CESO",850
"Bertha",2023,"CLGR",19.2
"Bertha",2023,"COAR",2
"Bertha",2023,"ENRU",6
"Bertha",2023,"ERGU",15.1428571428571
"Bertha",2023,"ERLA",9
"Bertha",2023,"GRCA",62.1666666666667
"Bertha",2023,"HECO",62.5
"Bertha",2023,"HEEX",164.2
"Bertha",2023,"HOMA",10
"Bertha",2023,"LEVU",2
"Bertha",2023,"LULU",5.6
"Bertha",2023,"MEIN",13.3333333333333
"Bertha",2023,"PEKE",74.2857142857143
"Bertha",2023,"SAVE",16.625
"Bertha",2023,"SCSI",4
"Bertha",2023,"TRHY",3
"Bertha",2023,"TRLA",12.4
"Bertha",2023,"TRWI",2
"Bertha",2023,"VIVI",5.33333333333333
"Bertha",2023,"ZETR",113.333333333333
"Bertha",2024,"ANAR",15
"Bertha",2024,"ANVE",1
"Bertha",2024,"ASFA",42.6666666666667
"Bertha",2024,"CESO",211.25
"Bertha",2024,"HECO",10
"Bertha",2024,"HEEX",106.833333333333
"Bertha",2024,"TRLA",3
"Bertha",2024,"ZETR",81.6666666666667
"Lower_Banana",2022,"CAPA",568.75
"Lower_Banana",2022,"ENRU",25
"Lower_Banana",2022,"ERLA",5.5
"Lower_Banana",2022,"ERNU",5
"Lower_Banana",2022,"Erthyanthe_nudum",2
"Lower_Banana",2022,"GRCA",22
"Lower_Banana",2022,"HECO",203.75
"Lower_Banana",2022,"HECU",71.25
"Lower_Banana",2022,"HEEX",700
"Lower_Banana",2022,"HOCA",10
"Lower_Banana",2022,"LERA",6.5
"Lower_Banana",2022,"PEKE",3
"Lower_Banana",2022,"SAVE",1.5
"Lower_Banana",2022,"STAL",6
"Lower_Banana",2022,"TRLA",12.7142857142857
"Lower_Banana",2022,"ZETR",9.14285714285714
"Pond",2022,"ACMI",2
"Pond",2022,"ASER",6
"Pond",2022,"ASFA",23.5
"Pond",2022,"CESO",935
"Pond",2022,"ERLA",18.6666666666667
"Pond",2022,"HECO",78
"Pond",2022,"HEEX",227.6
"Pond",2022,"HOVI",11.2
"Pond",2022,"PEKE",6.125
"Pond",2022,"SAVE",8
"Pond",2022,"SIMA",12.5
"Pond",2022,"STAL",7
"Pond",2023,"ACMI",8.5
"Pond",2023,"ASER",1.25
"Pond",2023,"ASFA",6.11111111111111
"Pond",2023,"BREL",2.375
"Pond",2023,"CAPA",3
"Pond",2023,"CAPY",1.5
"Pond",2023,"CARU",2.5
"Pond",2023,"CESO",189.25
"Pond",2023,"ERLA",8
"Pond",2023,"HECO",3.625
"Pond",2023,"HEEX",160.166666666667
"Pond",2023,"HOMA",61.1111111111111
"Pond",2023,"MEIN",41.4285714285714
"Pond",2023,"PEKE",10
"Pond",2023,"THCA",1
"Pond",2023,"TRLA",8
"Pond",2023,"TROS",6
"Pond",2023,"TRWI",3
"Pond",2023,"VIVI",27.1428571428571
"Pond",2023,"ZETR",10.25
"Pond",2024,"ANAR",2
"Pond",2024,"ASER",3
"Pond",2024,"ASFA",26.5833333333333
"Pond",2024,"CESO",3.08333333333333
"Pond",2024,"HEEX",181.583333333333
"Pond",2024,"HOMA",37.1428571428571
"Pond",2024,"ZETR",1
"Quarry",2022,"ACAM",6.14285714285714
"Quarry",2022,"ASFA",8.25
"Quarry",2022,"CAPA",81.2727272727273
"Quarry",2022,"CESO",3483.82352941176
"Quarry",2022,"CLPU",3
"Quarry",2022,"ENRU",659
"Quarry",2022,"ERLA",2.5
"Quarry",2022,"ERNU",89.6923076923077
"Quarry",2022,"ESCA",4.8
"Quarry",2022,"GRCA",46.4375
"Quarry",2022,"HEAR",1.5
"Quarry",2022,"HECO",573.142857142857
"Quarry",2022,"HECU",30
"Quarry",2022,"HEEX",998.588235294118
"Quarry",2022,"HOVI",1
"Quarry",2022,"LERA",59.6923076923077
"Quarry",2022,"LESR",13.3333333333333
"Quarry",2022,"LULU",50
"Quarry",2022,"PEKE",5.66666666666667
"Quarry",2022,"SAVE",20
"Quarry",2022,"TRLA",58.5555555555556
"Quarry",2022,"ZETR",221.222222222222
"Quarry_3",2023,"CESO",236.363636363636
"Quarry_3",2023,"HECO",155.555555555556
"Quarry_3",2023,"HEEX",872.727272727273
"Quarry_3",2023,"ZETR",12
"Quarry_3",2024,"CAPA",2
"Quarry_3",2024,"CESO",627.272727272727
"Quarry_3",2024,"GRCA",2
"Quarry_3",2024,"HECO",7.33333333333333
"Quarry_3",2024,"HEEX",356.363636363636
"Quarry_3",2024,"ZETR",6.88888888888889
"Quarry_4",2023,"CAPA",5.5
"Quarry_4",2023,"CESO",240.909090909091
"Quarry_4",2023,"CUCA",50
"Quarry_4",2023,"GRCA",10
"Quarry_4",2023,"HECO",19.375
"Quarry_4",2023,"HEEX",372.727272727273
"Quarry_4",2023,"LASE",3.5
"Quarry_4",2023,"ZETR",18.8888888888889
"Quarry_4",2024,"ACAM",9
"Quarry_4",2024,"CAPA",2
"Quarry_4",2024,"CESO",652.583333333333
"Quarry_4",2024,"ENRU",6
"Quarry_4",2024,"ERNU",18.6
"Quarry_4",2024,"GRCA",14.1666666666667
"Quarry_4",2024,"HECO",2
"Quarry_4",2024,"HEEX",67.5
"Quarry_4",2024,"ZETR",145
"Quarry_6",2023,"CESO",91.6666666666667
"Quarry_6",2023,"ENRU",15
"Quarry_6",2023,"GRCA",12.6
"Quarry_6",2023,"HECO",4.66666666666667
"Quarry_6",2023,"HEEX",93.5
"Quarry_6",2023,"LESR",6.75
"Quarry_6",2023,"ZETR",10
"Quarry_7",2023,"CAPA",370.1
"Quarry_7",2023,"CESO",231.153846153846
"Quarry_7",2023,"ENRU",5
"Quarry_7",2023,"ERNU",11
"Quarry_7",2023,"GRCA",102.333333333333
"Quarry_7",2023,"HECO",21.6666666666667
"Quarry_7",2023,"HEEX",422.307692307692
"Quarry_7",2023,"LESR",10
"Quarry_7",2023,"PEKE",80.4285714285714
"Quarry_7",2023,"ZETR",4.5
"Quarry_7",2024,"ANAR",4
"Quarry_7",2024,"ASFA",2
"Quarry_7",2024,"CAPA",20.6666666666667
"Quarry_7",2024,"CESO",278.181818181818
"Quarry_7",2024,"ENRU",14
"Quarry_7",2024,"GRCA",2
"Quarry_7",2024,"HECO",1
"Quarry_7",2024,"HEEX",103.272727272727
"Quarry_Q3",2024,"CESO",1000
"Quarry_Q3",2024,"GRCA",10
"Quarry_Q3",2024,"HEEX",100
"Quarry_Q3",2024,"ZETR",70
"Quarry_Q7",2024,"CESO",100
"Quarry_Q7",2024,"HEEX",68
"Randy",2023,"ANAR",3
"Randy",2023,"ASFA",12.25
"Randy",2023,"CAPA",48.5714285714286
"Randy",2023,"CESO",11.25
"Randy",2023,"ENRU",50
"Randy",2023,"ERGU",2
"Randy",2023,"ERNU",48
"Randy",2023,"GRCA",5.5
"Randy",2023,"HECO",106.25
"Randy",2023,"HEEX",235
"Randy",2023,"LASE",7.5
"Randy",2023,"LULU",22.5
"Randy",2023,"PEKE",15.3333333333333
"Randy",2023,"TRLA",16.4285714285714
"Randy",2023,"VIVI",3.75
"Road",2022,"ASER",19.3333333333333
"Road",2022,"CESO",370
"Vineyard",2022,"ASFA",8.22222222222222
"Vineyard",2022,"CAMI",11.7
"Vineyard",2022,"CAPA",19.8
"Vineyard",2022,"CESO",2750
"Vineyard",2022,"CLPU",8
"Vineyard",2022,"ENRU",70
"Vineyard",2022,"ERGU",1
"Vineyard",2022,"ERLA",3.5
"Vineyard",2022,"ERNU",10
"Vineyard",2022,"GRCA",10
"Vineyard",2022,"HEAR",2
"Vineyard",2022,"HECO",477
"Vineyard",2022,"HEEX",87
"Vineyard",2022,"HOMA",16.6666666666667
"Vineyard",2022,"HOVI",45.6666666666667
"Vineyard",2022,"LERA",10
"Vineyard",2022,"LUMI",1
"Vineyard",2022,"PEKE",1
"Vineyard",2022,"STAL",7.5
"Vineyard",2022,"TRLA",24.4
"Vineyard",2022,"VIVI",1
"Vineyard",2022,"ZETR",21.1
"Vineyard",2023,"ASFA",10
"Vineyard",2023,"CAPA",3
"Vineyard",2023,"CESO",300
"Vineyard",2023,"CLGR",30
"Vineyard",2023,"ERGU",50
"Vineyard",2023,"ERNU",10
"Vineyard",2023,"GRCA",14
"Vineyard",2023,"HEEX",0
"Vineyard",2023,"HOMA",20
"Vineyard",2023,"LUMI",2
"Vineyard",2023,"TRHY",3
"Vineyard",2023,"TRLA",6
"Vineyard",2023,"VIVI",10
"Vineyard",2023,"ZETR",10
"Vineyard",2024,"ACAM",12
"Vineyard",2024,"ANAR",26
"Vineyard",2024,"ASFA",71.6666666666667
"Vineyard",2024,"CESO",791.666666666667
"Vineyard",2024,"CLPU",1
"Vineyard",2024,"Erthyanthe_nudum",8.8
"Vineyard",2024,"HECO",1
"Vineyard",2024,"HEEX",282.5
"Vineyard",2024,"HOMA",10
"Vineyard",2024,"MEAL",10
"Vineyard",2024,"SAVE",10
"Vineyard",2024,"SIMA",4.55555555555556
"Vineyard",2024,"SOCA",20
"Vineyard",2024,"STAL",20.8333333333333
"Vineyard",2024,"ZETR",1000
