0,0,0,0,0,0,0,0,0,0,0,0,0,0,0,0,0,0,0,0,0,0,0,0,0,0,0,0,0,0,0,0,0,0,0,0,0,0,0,0,0,0,0,-1.47507545797368e-10,0,0,0,0,0,0,0,0,0,0,0,0,0,0,0,0,0,0,0,0,0,0,0,0,0,0,0,0,0,0,0,0,0,0,0,0,0,0,0,0,0,0,0,0,0,0,0.2,0,0,0
0,0,0,0,0,0,0,0,0,0,0,0,0,0,0,0,0,0,0,0,0,0,0,0,0,0,0,0,0,0,0,0.998332054323555,0,0,0,0,0,0,0,0,0,0,0,0,0,0,0,0,0,0,0,0,0,0,0,0,0,0,0,0,0,0,0,0,0,0,0,0,0,0,0,0,0,0,0,0,0,0,0.5,0,0,0,0,0,0,0,0,0,0,0,0,0,0,0
0,0,0,0,0,0,0,0,0,0,0,0,0,0,0,0,0,0,0,0,0,0,0,0,0,0,0,0,0,0,0,0,0,0,0,0,0,0.788041739100236,0,0,0,0,0,0,0,0,0,0,0,0,0,0,0,0,0,0,0,0,0,0,0,0,0,0,0,0,0,0,0,0,0,0,0,0,0,0,0,0,0,0,0,0,0,0,0.5,0,0,0,0,0,0,0,0,0
0,0,0,0,0,1,0,0,0,0,0,0,0,0,0,0,0,0,0,0,0,0,0,0,0,0,0,0,0,0,0,0,0,0,0,0,0,0,0,0,0,0,0.537641216026955,0,0,0,0.365188850980358,0,0,0,0,0,1,0,0,0,0,0,0,0,0,0,0,0,0,0,0,0,0,0,0,0,0,0,0,0,0,0,0,0,0,0,0,0,0,0,0,0,0,0.2,0,0,0,0.166666666666667
0,0,0,0,0,0,0,0,0,0,0,0,0,0,0,0,0,0,0,0,0,0,0,0,0,0,0,0,0,0,0,0,0,0,0,0,0,0.211958260900516,0,0,0,0,0,0.628077858845606,0,0.640871426102192,0,0,0,0,0,0,0,0,0,0,0,0,0,0,0,0,0,0,0,0,0,0,0,0,0,0,0,0,0,0,0,0,0,0,0,0,0,0,0.5,0,0,0,0,0,0.2,0,0.166666666666667,0
0,0,0,0,0,0,0,0,0,0,0,0,0,0,0,0,0,0,0,0,0,0,0,0,0,0,0,0,0,0,0,0,0.966366604825054,0,0,0,0,0,0,0.956970715206683,0,0,0,0,0.796258086830461,0.285934599337148,0,0,0,0,0,0,0,0,0,0,0,0,0,0,0,0,0,0,0,0,0,0,0,0,0,0,0,0,0,0,0,0,0,0.5,0,0,0,0,0,0,0.333333333333333,0,0,0,0,0.2,0.166666666666667,0
0,0,0,0,0,0,0,0,0,0,1,0,0,0,0,0,0,0,0,0,0,0,0,0,0,0,0,0,0,0,0,0,0,0,0,0,0,0,0,0,0,0.41330284082389,0.380874597662214,0,0,0,0.25870955512744,0,0,0,0,0,0,0,0,0,0,1,0,0,0,0,0,0,0,0,0,0,0,0,0,0,0,0,0,0,0,0,0,0,0,0,0,0,0,0,0,0,0.25,0.2,0,0,0,0.166666666666667
0,0,0,0,0,0,0,0,0,0,0,0,0,0,0,0,0,0,0,0,0,0,0,0,0,0,0,0,0,0,0.992118359404608,0,0,0,0,0,0,0,0,0,0,0.512413469151447,0,0.359149745760178,0,0,0.320745914811815,0,0,0,0,0,0,0,0,0,0,0,0,0,0,0,0,0,0,0,0,0,0,0,0,0,0,0,0,0,0,0.5,0,0,0,0,0,0,0,0,0,0,0.25,0,0.2,0,0,0.166666666666667
0,1,0,0,0,0,0,0,0,0,0,0,0,0,0,0,0,0,0,0,0,0,0,0,0,0,0,0,0,0.945290178024118,0,0,0,0,0,0,0,0,0.79414766599257,0,0.686236458174525,0.0702137762416104,0.0646983736721016,0,0.139791546705404,0.0502129562921943,0.043951067103697,0,1,0,0,0,0,0,0,0,0,0,0,0,0,0,0,0,0,0,0,0,0,0,0,0,0,0,0,0,0.5,0,0,0,0,0,0,0,0,0.333333333333333,0,0.25,0.25,0.2,0,0.2,0.166666666666667,0.166666666666667
0,0,0,1,0,0,1,0,0,0,0,1,0,0,0,0,0,1,0,0,1,1,0,1,1,0,0,0,0,0,0,0,0.0336333951758422,0.495853102767521,0,0,0.773921921657256,0,0,0.0332942913069983,0.135891318888793,0,0,0,0.0276952858355256,0.00995205056967123,0,0,0,0,1,0,0,1,0,0,0,0,1,0,0,0,0,0,1,0,0,1,1,0,1,1,0,0,0,0,0,0,0,0.5,0.5,0,0,0.5,0,0,0.333333333333333,0.25,0,0,0,0.2,0.166666666666667,0
0,0,0,0,1,0,0,0,0,0,0,0,1,0,0,1,0,0,0,0,0,0,1,0,0,0,0,0,0.77681086797999,0,0,0,0,0.504146897232397,0.77681086797999,0.776810868011315,0,0,0.159896423813119,0,0.13816416227021,0,0.0130362310354817,0.00991886174351639,0.0281583525184713,0.0101184020354427,0.00885688542918162,0,0,0,0,1,0,0,0,0,0,0,0,1,0,0,1,0,0,0,0,0,0,1,0,0,0,0,0,0.5,0,0,0,0,0.5,0.5,0.5,0,0,0.333333333333333,0,0.25,0,0.2,0.2,0.2,0.166666666666667,0.166666666666667
1,0,1,0,0,0,0,1,1,1,0,0,0,1,1,0,1,0,1,1,0,0,0,0,0,1,1,1,0.223189132021318,0.0547098219772396,0.00788164058589823,0.00166794567882481,0,0,0.223189132021318,0.223189131989276,0.226078078345942,0,0.0459559101958613,0.00973499348627123,0.0397080606682768,0.00406991378268996,0.00374958161042046,0.00285353379691757,0.00809672811081135,0.00291056565985419,0.00254772654395417,1,0,1,0,0,0,0,1,1,1,0,0,0,1,1,0,1,0,1,1,0,0,0,0,0,1,1,1,0.5,0.5,0.5,0.5,0,0,0.5,0.5,0.5,0,0.333333333333333,0.333333333333333,0.25,0.25,0.2,0.2,0.2,0.166666666666667,0.166666666666667
